[
    {
       "model":"auth.user",
       "pk":1,
       "fields":{
          "password":"pbkdf2_sha256$260000$v1MRbFCfyT6rN3J9Aer3fX$ZDoXJk9ngONKiNZdl/BGgfpEfwyZAHM+woMgumXbXWo=",
          "last_login":"2021-09-16T07:51:50.784Z",
          "is_superuser":true,
          "username":"admin",
          "first_name":"",
          "last_name":"",
          "email":"",
          "is_staff":true,
          "is_active":true,
          "date_joined":"2021-09-02T05:32:25.745Z",
          "groups":[
             
          ],
          "user_permissions":[
             
          ]
       }
    },
    {
       "model":"sessions.session",
       "pk":"71b14w2kbrfvqlyyklg0q896uw4mka2v",
       "fields":{
          "session_data":".eJxVjDEOwjAMRe-SGUVOCrLLyM4ZIsd2SAG1UtNOiLtDpQ6w_vfef7nE61LT2mxOg7qzC-7wu2WWh40b0DuPt8nLNC7zkP2m-J02f53Unpfd_Tuo3Oq37okRsBekDkPuQIFLPCqTqVjMjCI9BCEGPWlBoU4EIhYyyLGQuPcH8K04vg:1mLfLO:uP3q__K2p96_jgq-FHGPu8rFEtQqROTX1fLqRisjACI",
          "expire_date":"2021-09-16T05:32:58.859Z"
       }
    },
    {
       "model":"sessions.session",
       "pk":"grvyub93oraoncn6k8f8nw6wn9vrtwvr",
       "fields":{
          "session_data":".eJxVjDEOwjAMRe-SGUVOCrLLyM4ZIsd2SAG1UtNOiLtDpQ6w_vfef7nE61LT2mxOg7qzC-7wu2WWh40b0DuPt8nLNC7zkP2m-J02f53Unpfd_Tuo3Oq37okRsBekDkPuQIFLPCqTqVjMjCI9BCEGPWlBoU4EIhYyyLGQuPcH8K04vg:1mQmBS:ABQxJw-PAWMkmjarB_9eueH73JWm02Adf6VXGY8u-1Q",
          "expire_date":"2021-09-30T07:51:50.815Z"
       }
    },
    {
       "model":"HFCCore.issue_area",
       "pk":1,
       "fields":{
          "issue_area":"Issue 1",
          "issue_sub_header":"Issue sub header",
          "issue_area_slug":"issue-1",
          "issue_brief":"<p>issue Brief</p>",
          "issue_overview":"<p>Issue Detail</p>",
          "context":"<p>Context of Issue</p>",
          "technology_intervention":"<span style=\"color: rgb(127, 126, 123); font-family: Roboto, &quot;Lucida Grande&quot;, &quot;DejaVu Sans&quot;, &quot;Bitstream Vera Sans&quot;, Verdana, Arial, sans-serif; font-size: 13px; background-color: rgb(26, 27, 27); --darkreader-inline-color:#615d56; --darkreader-inline-bgcolor:#1d1e1e;\" data-darkreader-inline-color=\"\" data-darkreader-inline-bgcolor=\"\">Technology intervention of Issue</span>",
          "related_information":"Related Information"
       }
    },
    {
       "model":"HFCCore.problem_statement",
       "pk":1,
       "fields":{
          "problem_statement":"xc",
          "overview":"xc",
          "background_info":"xc",
          "related_link":"xc",
          "proposed_solution":"xcxc",
          "partner_id":null,
          "status":"Draft",
          "title_slug":"xc",
          "issue_area":[
             1
          ]
       }
    },
    {
       "model":"HFCCore.community_organization",
       "pk":1,
       "fields":{
          "organization_name":"Center 1",
          "type":"Center",
          "website":"https://google.com/",
          "logo":"",
          "coordinator_name":"centercoordinatorname",
          "coordinator_email":"coordinator@gmail.com",
          "coordinator_mobile":987654321,
          "organization_name_slug":"org",
          "city":"Hyderabad",
          "is_public":"True",
          "project":[
             
          ]
       }
    },
    {
       "model":"HFCCore.community_organization",
       "pk":2,
       "fields":{
          "organization_name":"Chapter 1",
          "type":"Chapter",
          "website":"https://google.com/",
          "logo":"",
          "coordinator_name":"Coordinator_Name",
          "coordinator_email":"coname@gmail.com",
          "coordinator_mobile":987654321,
          "organization_name_slug":"org-2",
          "city":"Hyderabad",
          "is_public":"True",
          "project":[
             
          ]
       }
    },
    {
       "model":"ScreeningApp.expertise_area",
       "pk":3,
       "fields":{
          "area_of_expertise":"Engineering"
       }
    },
    {
       "model":"ScreeningApp.expertise",
       "pk":2,
       "fields":{
          "expertise":"Java",
          "category_of_expertise":3,
          "is_published":"True"
       }
    },
    {
       "model":"ScreeningApp.expertise",
       "pk":3,
       "fields":{
          "expertise":"Python",
          "category_of_expertise":3,
          "is_published":"True"
       }
    },
    {
       "model":"ScreeningApp.question",
       "pk":1,
       "fields":{
          "category_of_expertise":3,
          "expertise":3,
          "level":"Entry Level",
          "topic":"Python",
          "qtype":"multiple choice",
          "question":"Entry Level Python 1",
          "option_1":"1",
          "option_2":"2",
          "option_3":"3",
          "option_4":"4",
          "answer":"option_1",
          "question_img":null
       }
    },
    {
       "model":"ScreeningApp.question",
       "pk":2,
       "fields":{
          "category_of_expertise":3,
          "expertise":3,
          "level":"Entry Level",
          "topic":"Python",
          "qtype":"multiple choice",
          "question":"Entry Level Python 2",
          "option_1":"1",
          "option_2":"2",
          "option_3":"3",
          "option_4":"4",
          "answer":"option_2",
          "question_img":null
       }
    },
    {
       "model":"ScreeningApp.question",
       "pk":3,
       "fields":{
          "category_of_expertise":3,
          "expertise":3,
          "level":"Entry Level",
          "topic":"Python",
          "qtype":"multiple choice",
          "question":"Entry Level  Python 3",
          "option_1":"1",
          "option_2":"2",
          "option_3":"3",
          "option_4":"4",
          "answer":"option_3",
          "question_img":null
       }
    },
    {
       "model":"ScreeningApp.question",
       "pk":4,
       "fields":{
          "category_of_expertise":3,
          "expertise":3,
          "level":"Entry Level",
          "topic":"Python",
          "qtype":"multiple choice",
          "question":"Entry Level  Python 4",
          "option_1":"1",
          "option_2":"2",
          "option_3":"3",
          "option_4":"4",
          "answer":"option_4",
          "question_img":null
       }
    },
    {
       "model":"ScreeningApp.question",
       "pk":5,
       "fields":{
          "category_of_expertise":3,
          "expertise":3,
          "level":"Entry Level",
          "topic":"Python",
          "qtype":"multiple choice",
          "question":"Entry Level Python 5",
          "option_1":"1",
          "option_2":"2",
          "option_3":"3",
          "option_4":"4",
          "answer":"option_1",
          "question_img":null
       }
    },
    {
       "model":"ScreeningApp.question",
       "pk":6,
       "fields":{
          "category_of_expertise":3,
          "expertise":2,
          "level":"Entry Level",
          "topic":"Java",
          "qtype":"multiple choice",
          "question":"Entry Level Java 1",
          "option_1":"1",
          "option_2":"2",
          "option_3":"3",
          "option_4":"4",
          "answer":"option_1",
          "question_img":null
       }
    },
    {
       "model":"ScreeningApp.question",
       "pk":7,
       "fields":{
          "category_of_expertise":3,
          "expertise":2,
          "level":"Entry Level",
          "topic":"Java",
          "qtype":"multiple choice",
          "question":"Entry Level Java 2",
          "option_1":"1",
          "option_2":"2",
          "option_3":"3",
          "option_4":"4",
          "answer":"option_2",
          "question_img":null
       }
    },
    {
       "model":"ScreeningApp.question",
       "pk":8,
       "fields":{
          "category_of_expertise":3,
          "expertise":2,
          "level":"Entry Level",
          "topic":"Java",
          "qtype":"multiple choice",
          "question":"Entry Level Java 3",
          "option_1":"1",
          "option_2":"2",
          "option_3":"3",
          "option_4":"4",
          "answer":"option_3",
          "question_img":null
       }
    },
    {
       "model":"ScreeningApp.question",
       "pk":9,
       "fields":{
          "category_of_expertise":3,
          "expertise":2,
          "level":"Entry Level",
          "topic":"Java",
          "qtype":"multiple choice",
          "question":"Entry Level Java 4",
          "option_1":"1",
          "option_2":"2",
          "option_3":"3",
          "option_4":"4",
          "answer":"option_4",
          "question_img":null
       }
    },
    {
       "model":"ScreeningApp.question",
       "pk":10,
       "fields":{
          "category_of_expertise":3,
          "expertise":2,
          "level":"Entry Level",
          "topic":"Java",
          "qtype":"multiple choice",
          "question":"Entry Level Java 5",
          "option_1":"1",
          "option_2":"2",
          "option_3":"3",
          "option_4":"4",
          "answer":"option_1",
          "question_img":null
       }
    },
    {
       "model":"ScreeningApp.question",
       "pk":11,
       "fields":{
          "category_of_expertise":3,
          "expertise":3,
          "level":"Entry Level",
          "topic":"Python",
          "qtype":"multiple choice",
          "question":"Entry Level Java 6",
          "option_1":"Option 1",
          "option_2":"Option 2",
          "option_3":"Option 3",
          "option_4":"Option 4",
          "answer":"option_2",
          "question_img":null
       }
    },
    {
       "model":"ScreeningApp.question",
       "pk":12,
       "fields":{
          "category_of_expertise":3,
          "expertise":3,
          "level":"Entry Level",
          "topic":"Python",
          "qtype":"multiple choice",
          "question":"Entry Level Python 6",
          "option_1":"Option 1",
          "option_2":"Option 2",
          "option_3":"Option 3",
          "option_4":"Option 4",
          "answer":"option_2",
          "question_img":null
       }
    },
    {
       "model":"ScreeningApp.question",
       "pk":13,
       "fields":{
          "category_of_expertise":3,
          "expertise":3,
          "level":"Intermediate",
          "topic":"Python",
          "qtype":"multiple choice",
          "question":"Intermediate Python 1",
          "option_1":"Option 1",
          "option_2":"Option 2",
          "option_3":"Option 3",
          "option_4":"Option 4",
          "answer":"option_1",
          "question_img":null
       }
    },
    {
       "model":"ScreeningApp.question",
       "pk":14,
       "fields":{
          "category_of_expertise":3,
          "expertise":3,
          "level":"Intermediate",
          "topic":"Python",
          "qtype":"multiple choice",
          "question":"Intermediate Python 2",
          "option_1":"Option 1",
          "option_2":"Option 2",
          "option_3":"Option 3",
          "option_4":"Option 4",
          "answer":"option_2",
          "question_img":null
       }
    },
    {
       "model":"ScreeningApp.question",
       "pk":15,
       "fields":{
          "category_of_expertise":3,
          "expertise":3,
          "level":"Intermediate",
          "topic":"Python",
          "qtype":"multiple choice",
          "question":"Intermediate Python 3",
          "option_1":"Option 1",
          "option_2":"Option 2",
          "option_3":"Option 3",
          "option_4":"Option 4",
          "answer":"option_3",
          "question_img":null
       }
    },
    {
       "model":"ScreeningApp.question",
       "pk":16,
       "fields":{
          "category_of_expertise":3,
          "expertise":3,
          "level":"Intermediate",
          "topic":"Python",
          "qtype":"multiple choice",
          "question":"Intermediate Python 4",
          "option_1":"Option 1",
          "option_2":"Option 2",
          "option_3":"Option 3",
          "option_4":"Option 4",
          "answer":"option_4",
          "question_img":null
       }
    },
    {
       "model":"ScreeningApp.question",
       "pk":17,
       "fields":{
          "category_of_expertise":3,
          "expertise":3,
          "level":"Intermediate",
          "topic":"Python",
          "qtype":"multiple choice",
          "question":"Intermediate Python 5",
          "option_1":"Option 1",
          "option_2":"Option 2",
          "option_3":"Option 3",
          "option_4":"Option 4",
          "answer":"option_1",
          "question_img":null
       }
    },
    {
       "model":"ScreeningApp.question",
       "pk":18,
       "fields":{
          "category_of_expertise":3,
          "expertise":3,
          "level":"Advanced",
          "topic":"Python",
          "qtype":"multiple choice",
          "question":"Advanced Python 1",
          "option_1":"Option 1",
          "option_2":"Option 2",
          "option_3":"Option 3",
          "option_4":"Option 4",
          "answer":"option_1",
          "question_img":null
       }
    },
    {
       "model":"ScreeningApp.question",
       "pk":19,
       "fields":{
          "category_of_expertise":3,
          "expertise":3,
          "level":"Advanced",
          "topic":"Python",
          "qtype":"multiple choice",
          "question":"Advanced Python 2",
          "option_1":"Option 1",
          "option_2":"Option 2",
          "option_3":"Option 3",
          "option_4":"Option 4",
          "answer":"option_2",
          "question_img":null
       }
    },
    {
       "model":"ScreeningApp.question",
       "pk":20,
       "fields":{
          "category_of_expertise":3,
          "expertise":3,
          "level":"Advanced",
          "topic":"Python",
          "qtype":"multiple choice",
          "question":"Advanced Python 3",
          "option_1":"Option 1",
          "option_2":"Option 2",
          "option_3":"Option 3",
          "option_4":"Option 4",
          "answer":"option_3",
          "question_img":null
       }
    },
    {
       "model":"ScreeningApp.question",
       "pk":21,
       "fields":{
          "category_of_expertise":3,
          "expertise":3,
          "level":"Advanced",
          "topic":"Python",
          "qtype":"multiple choice",
          "question":"Advanced Python 4",
          "option_1":"Option 1",
          "option_2":"Option 2",
          "option_3":"Option 3",
          "option_4":"Option 4",
          "answer":"option_4",
          "question_img":null
       }
    },
    {
       "model":"ScreeningApp.question",
       "pk":22,
       "fields":{
          "category_of_expertise":3,
          "expertise":2,
          "level":"Advanced",
          "topic":"Java",
          "qtype":"multiple choice",
          "question":"Advanced Java 1",
          "option_1":"Option 1",
          "option_2":"Option 2",
          "option_3":"Option 3",
          "option_4":"Option 4",
          "answer":"option_1",
          "question_img":null
       }
    },
    {
       "model":"ScreeningApp.question",
       "pk":23,
       "fields":{
          "category_of_expertise":3,
          "expertise":2,
          "level":"Advanced",
          "topic":"Java",
          "qtype":"multiple choice",
          "question":"Advanced Java 2",
          "option_1":"Option 1",
          "option_2":"Option 2",
          "option_3":"Option 3",
          "option_4":"Option 4",
          "answer":"option_2",
          "question_img":null
       }
    },
    {
       "model":"ScreeningApp.question",
       "pk":24,
       "fields":{
          "category_of_expertise":3,
          "expertise":2,
          "level":"Advanced",
          "topic":"Java",
          "qtype":"multiple choice",
          "question":"Advanced Java 3",
          "option_1":"Option 1",
          "option_2":"Option 2",
          "option_3":"Option 3",
          "option_4":"Option 4",
          "answer":"option_3",
          "question_img":null
       }
    },
    {
       "model":"ScreeningApp.question",
       "pk":25,
       "fields":{
          "category_of_expertise":3,
          "expertise":2,
          "level":"Intermediate",
          "topic":"Java",
          "qtype":"multiple choice",
          "question":"Intermediate Java 1",
          "option_1":"Option 1",
          "option_2":"Option 2",
          "option_3":"Option 3",
          "option_4":"Option 4",
          "answer":"option_1",
          "question_img":null
       }
    },
    {
       "model":"ScreeningApp.question",
       "pk":26,
       "fields":{
          "category_of_expertise":3,
          "expertise":2,
          "level":"Intermediate",
          "topic":"Java",
          "qtype":"multiple choice",
          "question":"Intermediate Java 2",
          "option_1":"Option 1",
          "option_2":"Option 2",
          "option_3":"Option 3",
          "option_4":"Option 4",
          "answer":"option_2",
          "question_img":null
       }
    },
    {
       "model":"ScreeningApp.question",
       "pk":27,
       "fields":{
          "category_of_expertise":3,
          "expertise":3,
          "level":"Expert",
          "topic":"Python",
          "qtype":"multiple choice",
          "question":"Expert Python 1",
          "option_1":"Option 1",
          "option_2":"Option 2",
          "option_3":"Option 3",
          "option_4":"Option 4",
          "answer":"option_1",
          "question_img":null
       }
    },
    {
       "model":"ScreeningApp.question",
       "pk":28,
       "fields":{
          "category_of_expertise":3,
          "expertise":3,
          "level":"Expert",
          "topic":"Python",
          "qtype":"multiple choice",
          "question":"Expert Python 2",
          "option_1":"Option 1",
          "option_2":"Option 2",
          "option_3":"Option 3",
          "option_4":"Option 4",
          "answer":"option_2",
          "question_img":null
       }
    },
    {
       "model":"ScreeningApp.question",
       "pk":29,
       "fields":{
          "category_of_expertise":3,
          "expertise":3,
          "level":"Expert",
          "topic":"Python",
          "qtype":"multiple choice",
          "question":"Expert Python 3",
          "option_1":"Option 1",
          "option_2":"Option 2",
          "option_3":"Option 3",
          "option_4":"Option 4",
          "answer":"option_3",
          "question_img":null
       }
    },
    {
       "model":"ScreeningApp.question",
       "pk":30,
       "fields":{
          "category_of_expertise":3,
          "expertise":3,
          "level":"Expert",
          "topic":"Python",
          "qtype":"multiple choice",
          "question":"Expert Python 4",
          "option_1":"Option 1",
          "option_2":"Option 2",
          "option_3":"Option 3",
          "option_4":"Option 4",
          "answer":"option_4",
          "question_img":null
       }
    },
    {
       "model":"ScreeningApp.question",
       "pk":31,
       "fields":{
          "category_of_expertise":3,
          "expertise":3,
          "level":"Expert",
          "topic":"Python",
          "qtype":"multiple choice",
          "question":"Expert Python 5",
          "option_1":"Option 1",
          "option_2":"Option 2",
          "option_3":"Option 3",
          "option_4":"Option 4",
          "answer":"option_1",
          "question_img":null
       }
    },
    {
       "model":"ScreeningApp.question",
       "pk":32,
       "fields":{
          "category_of_expertise":3,
          "expertise":2,
          "level":"Expert",
          "topic":"Java",
          "qtype":"multiple choice",
          "question":"Expert Java 1",
          "option_1":"Option 1",
          "option_2":"Option 2",
          "option_3":"Option 3",
          "option_4":"Option 4",
          "answer":"option_1",
          "question_img":null
       }
    },
    {
       "model":"ScreeningApp.question",
       "pk":33,
       "fields":{
          "category_of_expertise":3,
          "expertise":2,
          "level":"Expert",
          "topic":"Java",
          "qtype":"multiple choice",
          "question":"Expert Java 2",
          "option_1":"Option 1",
          "option_2":"Option 2",
          "option_3":"Option 3",
          "option_4":"Option 4",
          "answer":"option_2",
          "question_img":null
       }
    },
    {
       "model":"ScreeningApp.question",
       "pk":34,
       "fields":{
          "category_of_expertise":3,
          "expertise":2,
          "level":"Expert",
          "topic":"Java",
          "qtype":"multiple choice",
          "question":"Expert Java 3",
          "option_1":"Option 1",
          "option_2":"Option 2",
          "option_3":"Option 3",
          "option_4":"Option 4",
          "answer":"option_3",
          "question_img":null
       }
    },
    {
       "model":"ScreeningApp.candidate",
       "pk":1,
       "fields":{
          "name":"Entry Level",
          "email":"entrylevel@gmail.com",
          "contact_number":"987654321",
          "gender":"Male",
          "dob":"2021-09-18",
          "highest_education":"Intermediate",
          "level_of_expertise":"Entry Level",
          "profession":3,
          "area_of_expertise":[
             2,
             3
          ]
       }
    },
    {
       "model":"ScreeningApp.candidate",
       "pk":2,
       "fields":{
          "name":"Intermediate",
          "email":"intermediate@gmail.com",
          "contact_number":"987654321",
          "gender":"Male",
          "dob":"2021-09-12",
          "highest_education":"Intermediate",
          "level_of_expertise":"Intermediate",
          "profession":3,
          "area_of_expertise":[
             2,
             3
          ]
       }
    },
    {
       "model":"ScreeningApp.candidate",
       "pk":3,
       "fields":{
          "name":"Advanced",
          "email":"advanced@gmail.com",
          "contact_number":"987654321",
          "gender":"Male",
          "dob":"2021-09-12",
          "highest_education":"Intermediate",
          "level_of_expertise":"Advanced",
          "profession":3,
          "area_of_expertise":[
             2,
             3
          ]
       }
    },
    {
       "model":"ScreeningApp.candidate",
       "pk":4,
       "fields":{
          "name":"Expert",
          "email":"expert@gmail.com",
          "contact_number":"987654321",
          "gender":"Male",
          "dob":"2021-09-12",
          "highest_education":"Intermediate",
          "level_of_expertise":"Expert",
          "profession":3,
          "area_of_expertise":[
             2,
             3
          ]
       }
    },
    {
       "model":"sites.site",
       "pk":1,
       "fields":{
          "domain":"example.com",
          "name":"example.com"
       }
    }
 ]